{
  "__comment": "Instructions: https://blakesmods.com/docs/cucumber/tags-config",
  "forge:ingots/constantan": "alltheores:constantan_ingot",
  "forge:ingots/tungsten": "moremekanismprocessing:tungsten_ingot",
  "forge:ingots/tin": "exnihilosequentia:tin_ingot",
  "forge:gems/sapphire": "moremekanismprocessing:gem_sapphire",
  "forge:ingots/bronze": "alltheores:bronze_ingot",
  "forge:ingots/lumium": "alltheores:lumium_ingot",
  "forge:ingots/electrum": "alltheores:electrum_ingot",
  "forge:silicon": "refinedstorage:silicon",
  "forge:gems/apatite": "moremekanismprocessing:gem_apatite",
  "forge:ingots/silver": "material_elements:silver_ingot",
  "forge:dusts/saltpeter": "null",
  "forge:ingots/steel": "material_elements:steel_ingot",
  "forge:ingots/platinum": "moremekanismprocessing:platinum_ingot",
  "forge:ingots/lead": "exnihilosequentia:lead_ingot",
  "forge:ingots/graphite": "null",
  "forge:ingots/uranium": "exnihilosequentia:uranium_ingot",
  "forge:ingots/aluminum": "moremekanismprocessing:aluminum_ingot",
  "forge:ingots/mithril": "null",
  "forge:ingots/iridium": "moremekanismprocessing:iridium_ingot",
  "forge:ingots/zinc": "moremekanismprocessing:zinc_ingot",
  "forge:ingots/signalum": "alltheores:signalum_ingot",
  "forge:ingots/invar": "alltheores:invar_ingot",
  "forge:gems/ruby": "moremekanismprocessing:gem_ruby",
  "forge:dusts/niter": "moremekanismprocessing:dust_niter",
  "forge:ingots/chrome": "null",
  "forge:ingots/brass": "alltheores:brass_ingot",
  "forge:ingots/enderium": "alltheores:enderium_ingot",
  "forge:ingots/titanium": "moremekanismprocessing:titanium_ingot",
  "forge:rubber": "null",
  "forge:dusts/sulfur": "thermal:sulfur_dust",
  "forge:ingots/nickel": "moremekanismprocessing:nickel_ingot"
}